<?xml version="1.0" encoding="UTF-8"?>
<Styles>
    <Style Name="Title" ID="7620C43D-49D3-4CCD-A88D-6807C2A2C683" Type="Para+Char" FontChange="Size">
        <Format><![CDATA[{\rtf1\ansi\ansicpg1252\cocoartf1561\cocoasubrtf200
{\fonttbl\f0\froman\fcharset0 Palatino-Roman;}
{\colortbl;\red255\green255\blue255;}
{\*\expandedcolortbl;;}
\pard\tx560\tx1120\tx1680\tx2240\tx2800\tx3360\tx3920\tx4480\tx5040\tx5600\tx6160\tx6720\sl264\slmult1\sb260\pardirnatural\partightenfactor0

\f0\fs56 \cf0 Attributes}]]></Format>
    </Style>
    <Style Name="Heading 1" ID="56DCD15F-EA57-4F97-91C4-2E929732C355" Type="Para+Char" FontChange="Size" Shortcut="4">
        <Format><![CDATA[{\rtf1\ansi\ansicpg1252\cocoartf1561\cocoasubrtf200
{\fonttbl\f0\fswiss\fcharset0 Helvetica;\f1\froman\fcharset0 Palatino-Roman;}
{\colortbl;\red255\green255\blue255;}
{\*\expandedcolortbl;;}
\pard\tx560\tx1120\tx1680\tx2240\tx2800\tx3360\tx3920\tx4480\tx5040\tx5600\tx6160\tx6720\sl264\slmult1\sb260\pardirnatural\partightenfactor0

\f0\fs24 \cf0 <$Scr_H::1>
\f1\b\fs36 Attributes
\f0\b0\fs24 <!$Scr_H::1>}]]></Format>
    </Style>
    <Style Name="Heading 2" ID="F5F9823F-CF72-40BB-9ACD-FBECA2DFB6CD" Type="Para+Char" FontChange="Size" Shortcut="5">
        <Format><![CDATA[{\rtf1\ansi\ansicpg1252\cocoartf1561\cocoasubrtf200
{\fonttbl\f0\fswiss\fcharset0 Helvetica;\f1\froman\fcharset0 Palatino-Roman;}
{\colortbl;\red255\green255\blue255;}
{\*\expandedcolortbl;;}
\pard\tx560\tx1120\tx1680\tx2240\tx2800\tx3360\tx3920\tx4480\tx5040\tx5600\tx6160\tx6720\sl264\slmult1\sb260\pardirnatural\partightenfactor0

\f0\fs24 \cf0 <$Scr_H::2>
\f1\b\fs26 Attributes
\f0\b0\fs24 <!$Scr_H::2>}]]></Format>
    </Style>
    <Style Name="Centered Text" ID="43D059A8-6C7C-4187-94DD-84AC67166A74" Type="Para" Shortcut="1">
        <Format><![CDATA[{\rtf1\ansi\ansicpg1252\cocoartf1561\cocoasubrtf200
{\fonttbl\f0\froman\fcharset0 Palatino-Roman;}
{\colortbl;\red255\green255\blue255;}
{\*\expandedcolortbl;;}
\pard\tx360\tx720\tx1080\tx1440\tx1800\tx2160\tx2880\tx3600\tx4320\sl264\slmult1\pardirnatural\qc\partightenfactor0

\f0\fs26 \cf0 Attributes}]]></Format>
    </Style>
    <Style Name="Block Quote" ID="EFDA76DA-F7BA-4DA3-9FB8-4FA328A6C4A3" Type="Para" FontChange="Size" Shortcut="2">
        <Format><![CDATA[{\rtf1\ansi\ansicpg1252\cocoartf1561\cocoasubrtf200
{\fonttbl\f0\froman\fcharset0 Palatino-Roman;}
{\colortbl;\red255\green255\blue255;}
{\*\expandedcolortbl;;}
\pard\tx720\tx1080\tx1440\li720\sl264\slmult1\sb240\sa240\pardirnatural\partightenfactor0

\f0\fs24 \cf0 Attributes}]]></Format>
    </Style>
    <Style Name="Attribution" ID="58F00BE1-9AE3-4A0D-970F-284DB025DA27" Type="Para" FontChange="Size" Shortcut="">
        <Format><![CDATA[{\rtf1\ansi\ansicpg1252\cocoartf1561\cocoasubrtf200
{\fonttbl\f0\froman\fcharset0 Palatino-Roman;}
{\colortbl;\red255\green255\blue255;}
{\*\expandedcolortbl;;}
\pard\tx720\tx1080\tx1440\li720\sl264\slmult1\sa240\pardirnatural\partightenfactor0

\f0\fs24 \cf0 Attributes}]]></Format>
    </Style>
    <Style Name="Code Block" ID="0443C3A7-DA2B-4702-A652-B58C1D36F469" Type="Para+Char" FontChange="Face+Size" Next="0443C3A7-DA2B-4702-A652-B58C1D36F469">
        <Format><![CDATA[{\rtf1\ansi\ansicpg1252\cocoartf1561\cocoasubrtf200
{\fonttbl\f0\fnil\fcharset0 Menlo-Regular;}
{\colortbl;\red255\green255\blue255;}
{\*\expandedcolortbl;;}
\pard\tx720\tx1080\tx1440\tx1800\tx2160\li720\pardirnatural\partightenfactor0

\f0\fs22 \cf0 Attributes}]]></Format>
    </Style>
    <Style Name="Code Span" ID="D0473A18-94E5-4E0D-8268-517B58DCA4EE" Type="Char" FontChange="Face+Size">
        <Format><![CDATA[{\rtf1\ansi\ansicpg1252\cocoartf1561\cocoasubrtf200
{\fonttbl\f0\fnil\fcharset0 Menlo-Regular;}
{\colortbl;\red255\green255\blue255;}
{\*\expandedcolortbl;;}
\pard\tx720\tx1080\tx1440\tx1800\tx2160\li720\pardirnatural\partightenfactor0

\f0\fs22 \cf0 Attributes}]]></Format>
    </Style>
    <Style Name="Caption" ID="D7D3E2BA-BBCA-4472-B631-A7D227C77048" Type="Para" FontChange="Size" Shortcut="3">
        <Format><![CDATA[{\rtf1\ansi\ansicpg1252\cocoartf1561\cocoasubrtf200
{\fonttbl\f0\froman\fcharset0 Palatino-Roman;}
{\colortbl;\red255\green255\blue255;}
{\*\expandedcolortbl;;}
\pard\tx560\tx1120\tx1680\tx2240\tx2800\tx3360\tx3920\tx4480\tx5040\tx5600\tx6160\tx6720\sl264\slmult1\sa160\pardirnatural\qc\partightenfactor0

\f0\fs26 \cf0 Attributes}]]></Format>
    </Style>
    <Style Name="Emphasis" ID="98FECA9F-AE94-46BE-B69F-24B0BA0FB37E" Type="Char">
        <Format><![CDATA[{\rtf1\ansi\ansicpg1252\cocoartf1561\cocoasubrtf200
{\fonttbl\f0\froman\fcharset0 Palatino-Roman;}
{\colortbl;\red255\green255\blue255;}
{\*\expandedcolortbl;;}
\pard\tx360\tx720\tx1080\tx1440\tx1800\tx2160\tx2880\tx3600\tx4320\fi360\sl264\slmult1\pardirnatural\partightenfactor0

\f0\i\fs26 \cf0 Attributes}]]></Format>
    </Style>
</Styles>